entry,timestamp,url,title
1,8:05:12,https://github.com/jordanlee-dev/project-notes,GitHub Repository
2,8:06:47,https://www.youtube.com/watch?v=K7mP2xQ9abc,Python Tutorial
3,8:08:03,https://www.instagram.com/p/C9kLm21QaZ,Instagram Post
4,8:09:26,https://www.linkedin.com/posts/engineering-update-82kf91,LinkedIn Update
5,8:11:42,https://github.com/alex-dev/web-utils,GitHub Repository
6,8:13:17,https://www.youtube.com/watch?v=R4nT8vLm2Qx,Tech Talk
7,8:14:51,https://www.instagram.com/reel/D2pQ7LmN4x,Instagram Reel
8,8:16:29,https://www.linkedin.com/posts/company-news-72jd91,Company Update
9,8:18:04,https://github.com/dev-lab/internal-tools,GitHub Repository
10,8:19:38,https://www.youtube.com/watch?v=H8xQ2mNv5Ls,Training Video
11,8:21:11,https://www.instagram.com/p/B7xK91LmQa,Instagram Post
12,8:22:56,https://www.linkedin.com/posts/software-team-91kd72,Engineering Notes
13,8:24:30,https://github.com/,GitHub Repository
14,8:26:13,https://www.youtube.com/watch?v=P3kL8vXq1Mz,Developer Talk
15,8:27:49,https://www.instagram.com/p/C4nQ8Lm2Zx,Team Update
16,8:29:22,https://www.linkedin.com/posts/tech-community-28kf61,Industry Update
17,8:31:06,https://github.com/build-lab/research,Research Repository
18,8:32:41,https://www.youtube.com/watch?v=V9mQ3kLp7Rx,Security Briefing
19,8:34:18,https://www.instagram.com,Instagram Reel
20,8:35:52,https://www.linkedin.com/posts/dev-team-62jd81,Team Profile
21,8:37:29,https://github.com/random-user/project-alpha,GitHub Repository
22,8:39:03,https://www.youtube.com/,Video Tutorial
23,8:40:36,https://www.instagram.com/p/,Instagram Post
24,8:41:02,https://cybersecure-industries.netlify.app/,Employee Dashboard (B0-7)
25,8:42:27,https://www.linkedin.com/posts/company-engineering-91kx27,Engineering Update
26,8:44:01,https://github.com/jpatel-dev/notes,Project Notes
27,8:45:36,https://www.youtube.com/watch?v=X7mK2pQ8Ls,Tech Update
28,8:47:09,https://www.instagram.com/p/C3nL82QaWx,Instagram Post
29,8:48:44,https://www.linkedin.com/posts/security-research-73kf21,Research Update
30,8:50:18,https://github.com/awong-labs/ctf-writeups,GitHub Repository
31,8:52:11,https://cybersecure-industries.netlify.app/,Building 7 Archive
32,8:53:47,https://www.youtube.com/watch?v=Q4nL9xPk2Mv,Developer Talk
33,8:55:21,https://www.instagram.com/reel/B8qL31NxZp,Instagram Reel
34,8:56:58,https://www.linkedin.com/posts/project-update-81jd62,Project Update
35,8:58:32,https://github.com/dev-notes/dashboard,GitHub Repository
36,9:00:07,https://www.youtube.com/watch?v=M8xP2qLv7Rn,Training Video
37,9:01:21,https://intranet.example.local/resource/37,Internal Resource
38,9:02:56,https://www.instagram.com/p/C7mQ91LxKa,Instagram Post
39,9:04:29,https://www.linkedin.com/posts/engineering-notes-92kf17,Engineering Notes
40,9:06:03,https://github.com/alex-dev/src-tools,GitHub Repository
41,9:07:38,https://www.youtube.com/watch?v=T3kL8mQx1Pv,Tech Tutorial
42,9:09:12,https://www.instagram.com/p/D1xK72LmQa,Team Update
43,9:10:47,https://www.linkedin.com/posts/company-update-61jd82,Company Update
44,9:12:21,https://github.com/security-lab/research,Research Repository
45,9:13:55,https://www.youtube.com/watch?v=Y7mQ2kLp8Rx,Security Briefing
46,9:15:29,https://www.instagram.com/reel/C6pL91NxQa,Instagram Reel
47,9:17:04,https://www.linkedin.com/posts/dev-community-82kf31,Community Post
48,9:18:38,https://github.com/jordanlee-dev/automation,GitHub Repository
49,9:20:12,https://www.youtube.com/watch?v=K4nP7xQm2Ls,Programming Tutorial
50,9:21:47,https://www.instagram.com/p/B9qL31MxZa,Instagram Post
51,9:23:21,https://www.linkedin.com/posts/team-news-72jd91,Team Update
52,9:24:56,https://github.com/build-lab/web-utils,GitHub Repository
53,9:26:30,https://www.youtube.com/watch?v=R8mQ3kLv5Px,Developer Talk
54,9:28:04,https://www.instagram.com/p/C2xL81QaNm,Instagram Post
55,9:29:39,https://www.linkedin.com/posts/software-update-91kf72,Software Update
56,9:31:13,https://github.com/random-user/notes,GitHub Repository
57,9:32:48,https://www.youtube.com/watch?v=H7qL2mNx8Pv,Video Tutorial
58,9:34:22,https://www.instagram.com/reel/D4kP91LmQa,Instagram Reel
59,9:35:57,https://www.linkedin.com/posts/company-news-63jd81,Company News
60,9:37:31,https://github.com/dev-lab/project-alpha,GitHub Repository
61,9:39:06,https://www.youtube.com/watch?v=P9mK3xQv7Ls,Training Video
62,9:40:40,https://www.instagram.com/p/C8qL21NxZa,Instagram Post
63,9:42:15,https://www.linkedin.com/posts/engineering-team-82kf61,Engineering Update
64,9:43:49,https://github.com/samwilson/internal-tools,GitHub Repository
65,9:45:24,https://www.youtube.com/watch?v=V2nL8qPx4Mk,Tech Talk
66,9:46:58,https://www.instagram.com/p/B7xQ31LmKa,Instagram Post
67,9:48:33,https://www.linkedin.com/posts/developer-news-71jd92,Developer News
68,9:50:07,https://github.com/jpatel-dev/ctf-writeups,GitHub Repository
69,9:51:42,https://www.youtube.com/watch?v=N8mP2kLq7Rx,Security Talk
70,9:53:16,https://www.instagram.com/reel/C5qL81MxZa,Instagram Reel
71,9:54:51,https://www.linkedin.com/posts/research-update-92kf31,Research Update
72,9:56:25,https://github.com/awong-labs/project-alpha,GitHub Repository
73,9:58:00,https://www.youtube.com/watch?v=X3kQ7mLp1Pv,Programming Tutorial
74,9:59:34,https://www.instagram.com/p/D8nL21QaMx,Instagram Post
75,10:01:09,https://www.linkedin.com/posts/company-engineering-61jd72,Engineering Notes
76,10:02:43,https://github.com/dev-notes/research,GitHub Repository
77,10:04:18,https://www.youtube.com/watch?v=M7pL2xQn8Rv,Tech Tutorial
78,10:05:52,https://www.instagram.com/p/C1qK91LmZa,Instagram Post
79,10:07:27,https://www.linkedin.com/posts/team-update-83kf21,Team Update
80,10:09:01,https://github.com/security-lab/automation,GitHub Repository
81,10:10:36,https://www.youtube.com/watch?v=Q9mL3kPx7Rn,Developer Talk
82,10:12:10,https://www.instagram.com/reel/B8xP21QaLm,Instagram Reel
83,10:13:45,https://www.linkedin.com/posts/tech-update-72jd81,Tech Update
84,10:15:19,https://github.com/random-user/web-utils,GitHub Repository
85,10:16:54,https://www.youtube.com/watch?v=K2qL8mNx4Pv,Training Video
86,10:18:28,https://www.instagram.com/p/D3kQ91LmXa,Instagram Post
87,10:20:03,https://www.linkedin.com/posts/security-team-91kf62,Security Update
88,10:21:37,https://github.com/build-lab/notes,GitHub Repository
89,10:23:12,https://www.youtube.com/watch?v=R7mP2xQv9Ls,Video Tutorial
90,10:24:46,https://www.instagram.com/p/C6nL31QaZp,Instagram Post
91,10:26:21,https://www.linkedin.com/posts/project-news-63jd81,Project News
92,10:27:55,https://github.com/alex-dev/automation,GitHub Repository
93,10:29:30,https://www.youtube.com/watch?v=H3kL7mQx2Pv,Programming Tutorial
94,10:31:04,https://www.instagram.com/reel/D7qP81LmZa,Instagram Reel
95,10:32:39,https://www.linkedin.com/posts/engineering-update-82kf71,Engineering Update
96,10:34:13,https://github.com/jordanlee-dev/research,Research Repository
97,10:35:48,https://www.youtube.com/watch?v=P8mQ2kLv5Rn,Developer Talk
98,10:37:22,https://www.instagram.com/p/B9xL41QaNm,Instagram Post
99,10:38:57,https://www.linkedin.com/posts/company-news-71jd82,Company News
100,10:40:31,https://github.com/dev-lab/ctf-writeups,GitHub Repository
101,10:42:06,https://www.youtube.com/watch?v=V7nK3qPx8Ls,Security Briefing
102,10:43:40,https://www.instagram.com/p/C4qL91MxZa,Instagram Post
103,10:45:15,https://www.linkedin.com/posts/developer-update-92kf61,Developer Update
104,10:46:49,https://github.com/samwilson/project-alpha,GitHub Repository
105,10:48:24,https://www.youtube.com/watch?v=N2mL7xQp4Rv,Tech Talk
106,10:49:58,https://www.instagram.com/reel/D1kP31LmQa,Instagram Reel
107,10:51:33,https://www.linkedin.com/posts/research-team-73jd81,Research Notes
108,10:53:07,https://github.com/jpatel-dev/web-utils,GitHub Repository
109,10:54:42,https://www.youtube.com/watch?v=X8qL2mPv7Rn,Video Tutorial
110,10:56:16,https://www.instagram.com/p/C9nQ81LxZa,Instagram Post
111,10:57:51,https://www.linkedin.com/posts/company-update-62kf91,Company Update
112,10:59:25,https://github.com/awong-labs/notes,GitHub Repository
113,11:01:00,https://www.youtube.com/watch?v=M3kP8qLv2Rx,Training Video
114,11:02:34,https://www.instagram.com/p/B6xL21QaNm,Instagram Post
115,11:04:09,https://www.linkedin.com/posts/software-team-81jd72,Software Team
116,11:05:43,https://github.com/security-lab/internal-tools,GitHub Repository
117,11:07:18,https://www.youtube.com/watch?v=Q7mL3xPk9Rv,Tech Update
118,11:08:52,https://www.instagram.com/reel/C8qP41LmZa,Instagram Reel
119,11:10:27,https://www.linkedin.com/posts/team-news-92kf31,Team News
120,11:12:01,https://github.com/random-user/research,GitHub Repository
121,11:13:36,https://www.youtube.com/watch?v=K9nQ2mLv7Px,Developer Talk
122,11:15:10,https://www.instagram.com/p/D2xL81QaNm,Instagram Post
123,11:16:45,https://www.linkedin.com/posts/engineering-notes-61jd82,Engineering Notes
124,11:18:19,https://github.com/build-lab/automation,GitHub Repository
125,11:19:54,https://www.youtube.com/watch?v=R3kP7xQm8Ls,Security Tutorial
126,11:21:28,https://www.instagram.com/p/C5qL31MxZa,Instagram Post
127,11:23:03,https://www.linkedin.com/posts/project-update-72kf91,Project Update
128,11:24:37,https://github.com/alex-dev/notes,GitHub Repository
129,11:26:12,https://www.youtube.com/watch?v=H8mL2qPv5Rn,Programming Tutorial
130,11:27:46,https://www.instagram.com/reel/B7xQ81LmZa,Instagram Reel
131,11:29:21,https://www.linkedin.com/posts/security-update-83jd61,Security Update
132,11:30:55,https://github.com/jordanlee-dev/internal-tools,GitHub Repository
133,11:32:30,https://www.youtube.com/watch?v=P2nK7mLq9Rx,Tech Talk
134,11:34:04,https://www.instagram.com/p/D6qL21QaNm,Instagram Post
135,11:35:39,https://www.linkedin.com/posts/company-engineering-91kf72,Engineering Update
136,11:37:13,https://github.com/dev-notes/project-alpha,GitHub Repository
137,11:38:48,https://www.youtube.com/watch?v=V8mQ3xLp2Rn,Training Video
138,11:40:22,https://www.instagram.com/p/C3kP91LmZa,Instagram Post
139,11:41:57,https://www.linkedin.com/posts/developer-news-62jd81,Developer News
140,11:43:31,https://github.com/dev-lab/web-utils,GitHub Repository
141,11:45:06,https://www.youtube.com/watch?v=N7qL2mPx8Rv,Video Tutorial
142,11:46:40,https://www.instagram.com/reel/D9xL31QaNm,Instagram Reel
143,11:48:15,https://www.linkedin.com/posts/research-update-71kf92,Research Update
144,11:49:49,https://github.com/samwilson/ctf-writeups,GitHub Repository
145,11:51:24,https://www.youtube.com/watch?v=X2kP8qLv4Rn,Security Briefing
146,11:52:58,https://www.instagram.com/p/B8qL91MxZa,Instagram Post
147,11:54:33,https://www.linkedin.com/posts/company-news-82jd61,Company News
148,11:56:07,https://github.com/jpatel-dev/project-alpha,GitHub Repository
149,11:57:42,https://www.youtube.com/watch?v=M9nL3xQp7Rv,Developer Talk
150,11:59:16,https://www.instagram.com/p/C7kQ21LmXa,Instagram Post
151,12:00:51,https://www.linkedin.com/posts/team-update-63kf81,Team Update
152,12:02:25,https://github.com/awong-labs/automation,GitHub Repository
153,12:04:00,https://www.youtube.com/watch?v=Q8mP2kLv5Rx,Tech Tutorial
154,12:05:34,https://www.instagram.com/reel/D4xL81QaNm,Instagram Reel
155,12:07:09,https://www.linkedin.com/posts/software-update-91jd72,Software Update
156,12:08:43,https://github.com/security-lab/notes,GitHub Repository
157,12:10:18,https://www.youtube.com/watch?v=K3nQ7mPx2Rv,Programming Tutorial
158,12:11:52,https://www.instagram.com/p/C2qL41LmZa,Instagram Post
159,12:13:27,https://www.linkedin.com/posts/engineering-team-72kf91,Engineering Team
160,12:15:01,https://github.com/random-user/internal-tools,GitHub Repository
161,12:16:36,https://www.youtube.com/watch?v=R9mL2xQp8Nv,Video Tutorial
162,12:18:10,https://www.instagram.com/p/B7kP91QaMx,Instagram Post
163,12:19:45,https://www.linkedin.com/posts/tech-community-61jd82,Tech Community
164,12:21:19,https://github.com/build-lab/project-alpha,GitHub Repository
165,12:22:54,https://www.youtube.com/watch?v=H2qL8mPv3Rx,Tech Talk
166,12:24:28,https://www.instagram.com/reel/C9xL21NmZa,Instagram Reel
167,12:26:03,https://www.linkedin.com/posts/security-research-83kf71,Security Research
168,12:27:37,https://github.com/alex-dev/research,Research Repository
169,12:29:12,https://www.youtube.com/watch?v=P7mK3xLv9Qn,Developer Talk
170,12:30:46,https://www.instagram.com/p/D5qL81QaMx,Instagram Post
171,12:32:21,https://www.linkedin.com/posts/company-update-72jd91,Company Update
172,12:33:55,https://github.com/jordanlee-dev/web-utils,GitHub Repository
173,12:35:30,https://www.youtube.com/watch?v=V3nQ7mLp2Rx,Training Video
174,12:37:04,https://www.instagram.com/p/C6kL31MxZa,Instagram Post
175,12:38:39,https://www.linkedin.com/posts/project-news-91kf62,Project News
176,12:40:13,https://github.com/dev-notes/automation,GitHub Repository
177,12:41:48,https://www.youtube.com/watch?v=N8mP2xQv7Ls,Security Briefing
178,12:43:22,https://www.instagram.com/reel/B9qL41QaNm,Instagram Reel
179,12:44:57,https://www.linkedin.com/posts/developer-update-63jd81,Developer Update
180,12:46:31,https://github.com/samwilson/project-alpha,GitHub Repository
181,12:48:06,https://www.youtube.com/watch?v=X7kQ3mLv9Rn,Video Tutorial
182,12:49:40,https://www.instagram.com/p/D2nL91MxZa,Instagram Post
183,12:51:15,https://www.linkedin.com/posts/engineering-notes-82kf71,Engineering Notes
184,12:52:49,https://github.com/security-lab/web-utils,GitHub Repository
185,12:54:24,https://www.youtube.com/watch?v=M2pL8xQn5Rv,Tech Talk
186,12:55:58,https://www.instagram.com/p/C8qK21LmZa,Instagram Post
187,12:57:33,https://www.linkedin.com/posts/company-news-71jd82,Company News
188,12:59:07,https://github.com/random-user/automation,GitHub Repository
189,13:00:42,https://www.youtube.com/watch?v=Q9mL3kPv7Rx,Developer Tutorial
190,13:02:16,https://www.instagram.com/reel/D7xP81QaNm,Instagram Reel
191,13:03:51,https://www.linkedin.com/posts/team-update-92kf61,Team Update
192,13:05:25,https://github.com/build-lab/internal-tools,GitHub Repository
193,13:07:00,https://www.youtube.com/watch?v=K8nQ2mLp4Rv,Training Video
194,13:08:34,https://www.instagram.com/p/B6qL31MxZa,Instagram Post
195,13:10:09,https://www.linkedin.com/posts/security-update-63jd81,Security Update
196,13:11:43,https://github.com/jpatel-dev/research,Research Repository
197,13:13:18,https://www.youtube.com/watch?v=R2mP7xQv9Ls,Tech Talk
198,13:14:52,https://www.instagram.com/p/C4kL91QaNm,Instagram Post
199,13:16:27,https://www.linkedin.com/posts/company-engineering-81kf72,Engineering Update
200,13:18:01,https://intranet.example.local/resource/200,Internal Resource
