Employee ID,Name,Username,Department,Access Zone,Badge,,,,,,
EMP-6128,James Patel,jpatel,Operations,C-01,6128,,,,,,
EMP-2941,Sarah Collins,scollins,Finance,A-04,2941,,,,,,
EMP-7302,Alex Wong,awong,Engineering,C-02,7302,,,,,,
EMP-5384,Aaron Coleman,acoleman,Infrastructure,B-04,5384,,,,,,
EMP-5534,Liam Brooks,lbrooks,Security,B-07,5534,,,,,,
EMP-8264,Emily Carter,ecarter,Human Resources,A-02,8264,,,,,,
EMP-3917,Ryan Mitchell,rmitchell,Operations,C-03,3917,,,,,,
EMP-6452,Olivia Bennett,obennett,Finance,A-05,6452,,,,,,
EMP-2186,Ethan Wilson,ewilson,Engineering,C-04,2186,,,,,,
EMP-9073,Chloe Anderson,canderson,Security,B-08,9073,,,,,,
EMP-5741,Noah Thompson,nthompson,Infrastructure,B-06,5741,,,,,,
EMP-3629,Sophia Martin,smartin,Research,C-05,3629,,,,,,
EMP-7485,Lucas Anderson,landerson,IT Support,B-03,7485,,,,,,
EMP-1357,Mia Roberts,mroberts,Administration,A-01,1357,,,,,,
EMP-6834,Daniel Lee,dlee,Engineering,C-02,6834,,,,,,
EMP-4216,Grace Turner,gturner,Marketing,A-03,4216,,,,,,
EMP-8592,Adam Parker,aparker,Operations,C-01,8592,,,,,,
EMP-3074,Hannah Lewis,hlewis,Finance,A-05,3074,,,,,,
EMP-9163,Matthew Clark,mclark,Infrastructure,B-04,9163,,,,,,
EMP-5827,Ava Walker,awalker,Security,B-08,5827,,,,,,
EMP-2405,Ryan Hall,rhall,Engineering,C-03,2405,,,,,,
EMP-7749,Isabella Young,iyoung,Human Resources,A-02,7749,,,,,,
EMP-6381,Jack Allen,jallen,Operations,C-04,6381,,,,,,
EMP-4528,Ella King,eking,Finance,A-04,4528,,,,,,
EMP-8195,Benjamin Wright,bwright,Infrastructure,B-06,8195,,,,,,
EMP-1736,Lily Scott,lscott,Research,C-05,1736,,,,,,
EMP-5942,Samuel Green,sgreen,Security,B-07,5942,,,,,,
EMP-3618,Amelia Baker,abaker,Administration,A-01,3618,,,,,,
EMP-9274,Henry Adams,hadams,Engineering,C-02,9274,,,,,,
EMP-5063,Charlotte Nelson,cnelson,Marketing,A-03,5063,,,,,,
EMP-2847,William Hill,whill,Operations,C-03,2847,,,,,,
EMP-6715,Harper Campbell,hcampbell,Finance,A-05,6715,,,,,,
EMP-4389,Michael Mitchell,mmitchell,Infrastructure,B-04,4389,,,,,,
EMP-7526,Evelyn Roberts,eroberts,Security,B-08,7526,,,,,,
EMP-3194,Alexander Carter,acarter,Engineering,C-04,3194,,,,,,
EMP-8651,Abigail Phillips,aphillips,Human Resources,A-02,8651,,,,,,
EMP-1472,James Evans,jevans,Operations,C-01,1472,,,,,,
EMP-6908,Scarlett Edwards,sedwards,Finance,A-04,6908,,,,,,
EMP-5237,Thomas Collins,tcollins,Infrastructure,B-07,5237,,,,,,
EMP-8046,Victoria Stewart,vstewart,Security,B-06,8046,,,,,,
EMP-2759,Oliver Sanchez,osanchez,Engineering,C-02,2759,,,,,,
EMP-6314,Nora Morris,nmorris,Research,C-05,6314,,,,,,
EMP-9482,Charles Rogers,crogers,Operations,C-03,9482,,,,,,
EMP-4165,Zoe Reed,zreed,Finance,A-05,4165,,,,,,
EMP-5839,George Cook,gcook,Infrastructure,B-04,5839,,,,,,
EMP-7291,Lucy Morgan,lmorgan,Security,B-08,7291,,,,,,
EMP-3546,Edward Bell,ebell,IT Support,B-03,3546,,,,,,
EMP-8617,Stella Murphy,smurphy,Administration,A-01,8617,,,,,,
EMP-4923,Joseph Bailey,jbailey,Engineering,C-04,4923,,,,,,
EMP-6387,Alice Rivera,arivera,Marketing,A-03,6387,,,,,,
EMP-2051,Daniel Cooper,dcooper,Operations,C-01,2051,,,,,,
EMP-9175,Layla Richardson,lrichardson,Finance,A-04,9175,,,,,,
EMP-7462,David Cox,dcox,Infrastructure,B-06,7462,,,,,,
EMP-3815,Ellie Howard,ehoward,Security,B-07,3815,,,,,,
EMP-5294,Christopher Ward,cward,Engineering,C-02,5294,,,,,,
EMP-6748,Maya Torres,mtorres,Human Resources,A-02,6748,,,,,,
EMP-1936,Andrew Peterson,apeterson,Operations,C-03,1936,,,,,,
EMP-8457,Natalie Gray,ngray,Finance,A-05,8457,,,,,,
EMP-3078,Joshua Ramirez,jramirez,Infrastructure,B-04,3078,,,,,,
EMP-5619,Claire James,cjames,Security,B-08,5619,,,,,,
EMP-7824,Nathan Watson,nwatson,Engineering,C-04,7824,,,,,,
EMP-4361,Sophie Brooks,sbrooks,Research,C-05,4361,,,,,,
EMP-9186,Robert Kelly,rkelly,Operations,C-01,9186,,,,,,
EMP-2543,Leah Sanders,lsanders,Finance,A-04,2543,,,,,,
EMP-6037,Jonathan Price,jprice,Infrastructure,B-07,6037,,,,,,
EMP-8712,Anna Bennett,abennett,Security,B-06,8712,,,,,,
EMP-3495,Nicholas Wood,nwood,Engineering,C-02,3495,,,,,,
EMP-7258,Sarah Barnes,sbarnes,Human Resources,A-02,7258,,,,,,
EMP-1846,Tyler Ross,tross,Operations,C-03,1846,,,,,,
EMP-6927,Megan Henderson,mhenderson,Finance,A-05,6927,,,,,,
EMP-4817,Daniel Mercer,dmercer,Infrastructure,B-07,4817,,,,,,
EMP-8163,Rachel Jenkins,rjenkins,Security,B-08,8163,,,,,,
EMP-4719,Brandon Perry,bperry,Engineering,C-04,4719,,,,,,
EMP-2608,Emma Powell,epowell,Research,C-05,2608,,,,,,
EMP-9347,Kevin Long,klong,Operations,C-01,9347,,,,,,
EMP-3852,Julia Patterson,jpatterson,Finance,A-04,3852,,,,,,
EMP-6174,Steven Hughes,shughes,Infrastructure,B-06,6174,,,,,,
EMP-7429,Megan Flores,mflores,Security,B-07,7429,,,,,,
EMP-1583,Brian Washington,bwashington,Engineering,C-02,1583,,,,,,
EMP-5067,Grace Butler,gbutler,Human Resources,A-02,5067,,,,,,
EMP-8291,Eric Simmons,esimmons,Operations,C-03,8291,,,,,,
EMP-3746,Lily Foster,lfoster,Finance,A-05,3746,,,,,,
EMP-6815,Patrick Gonzales,pgonzales,Infrastructure,B-04,6815,,,,,,
EMP-9238,Rebecca Bryant,rbryant,Security,B-08,9238,,,,,,
EMP-2457,Jason Alexander,jalexander,Engineering,C-04,2457,,,,,,
EMP-7193,Katie Russell,krussell,Research,C-05,7193,,,,,,
EMP-4638,Mark Griffin,mgriffin,Operations,C-01,4638,,,,,,
EMP-8526,Laura Diaz,ldiaz,Finance,A-04,8526,,,,,,
EMP-3175,Justin Hayes,jhayes,Infrastructure,B-07,3175,,,,,,
EMP-6941,Nicole Myers,nmyers,Security,B-06,6941,,,,,,
EMP-5286,Sean Ford,sford,Engineering,C-02,5286,,,,,,
EMP-1739,Victoria Hamilton,vhamilton,Human Resources,A-02,1739,,,,,,
EMP-8052,Cameron Graham,cgraham,Operations,C-03,8052,,,,,,
EMP-6417,Madison Sullivan,msullivan,Finance,A-05,6417,,,,,,
EMP-3925,Jeffrey Wallace,jwallace,Infrastructure,B-04,3925,,,,,,
EMP-7548,Brooke Woods,bwoods,Security,B-08,7548,,,,,,
EMP-2164,Marcus Cole,mcole,Engineering,C-04,2164,,,,,,
EMP-9076,Kayla West,kwest,Research,C-05,9076,,,,,,
EMP-4831,Gregory Jordan,gjordan,Operations,C-01,4831,,,,,,
EMP-6259,Rachel Owens,rowens,Finance,A-04,6259,,,,,,
EMP-3487,Stephen Reynolds,sreynolds,Infrastructure,B-07,3487,,,,,,
EMP-7914,Jasmine Fisher,jfisher,Security,B-06,7914,,,,,,
EMP-5628,Colin Ellis,cellis,Engineering,C-02,5628,,,,,,
